[{"model": "polls.theme", "pk": 1, "fields": {"theme_text": "weather", "pub_date": "2023-06-02T14:29:48Z"}}, {"model": "polls.question", "pk": 1, "fields": {"question_text": "What's up?", "pub_date": "2023-05-06T12:58:17Z", "theme": null}}, {"model": "polls.question", "pk": 2, "fields": {"question_text": "How do you do?", "pub_date": "2023-05-14T08:43:47Z", "theme": 1}}, {"model": "polls.choice", "pk": 2, "fields": {"question": 1, "choice_text": "black", "votes": 0}}, {"model": "polls.choice", "pk": 5, "fields": {"question": 1, "choice_text": "the sky", "votes": 1}}, {"model": "polls.choice", "pk": 6, "fields": {"question": 1, "choice_text": "Just hacking again", "votes": 1}}, {"model": "polls.choice", "pk": 7, "fields": {"question": 1, "choice_text": "hello", "votes": 2}}, {"model": "polls.choice", "pk": 8, "fields": {"question": 2, "choice_text": "BMW", "votes": 1}}, {"model": "polls.choice", "pk": 9, "fields": {"question": 2, "choice_text": "Mercedes-benz", "votes": 20}}, {"model": "polls.choice", "pk": 10, "fields": {"question": 2, "choice_text": "Porsche", "votes": 0}}, {"model": "polls.choice", "pk": 11, "fields": {"question": 2, "choice_text": "AUDI", "votes": 1}}, {"model": "admin.logentry", "pk": 1, "fields": {"action_time": "2023-04-30T09:05:50.309Z", "user": 1, "content_type": 4, "object_id": "2", "object_repr": "bobik", "action_flag": 1, "change_message": "[{\"added\": {}}]"}}, {"model": "admin.logentry", "pk": 2, "fields": {"action_time": "2023-04-30T09:06:17.609Z", "user": 1, "content_type": 4, "object_id": "2", "object_repr": "bobik", "action_flag": 2, "change_message": "[]"}}, {"model": "admin.logentry", "pk": 3, "fields": {"action_time": "2023-05-07T08:41:17.246Z", "user": 1, "content_type": 8, "object_id": "1", "object_repr": "What's up?", "action_flag": 2, "change_message": "[]"}}, {"model": "admin.logentry", "pk": 4, "fields": {"action_time": "2023-05-07T09:45:51.861Z", "user": 1, "content_type": 7, "object_id": "7", "object_repr": "hello", "action_flag": 1, "change_message": "[{\"added\": {}}]"}}, {"model": "admin.logentry", "pk": 5, "fields": {"action_time": "2023-05-07T09:47:45.984Z", "user": 1, "content_type": 7, "object_id": "2", "object_repr": "black", "action_flag": 2, "change_message": "[{\"changed\": {\"fields\": [\"Choice text\"]}}]"}}, {"model": "admin.logentry", "pk": 6, "fields": {"action_time": "2023-05-14T08:43:48.674Z", "user": 3, "content_type": 8, "object_id": "2", "object_repr": "How do you do?", "action_flag": 1, "change_message": "[{\"added\": {}}]"}}, {"model": "admin.logentry", "pk": 7, "fields": {"action_time": "2023-05-25T13:57:07.656Z", "user": 3, "content_type": 7, "object_id": "8", "object_repr": "BMW", "action_flag": 1, "change_message": "[{\"added\": {}}]"}}, {"model": "admin.logentry", "pk": 8, "fields": {"action_time": "2023-05-25T13:57:26.422Z", "user": 3, "content_type": 7, "object_id": "9", "object_repr": "Mercedes-benz", "action_flag": 1, "change_message": "[{\"added\": {}}]"}}, {"model": "admin.logentry", "pk": 9, "fields": {"action_time": "2023-05-25T13:57:59.264Z", "user": 3, "content_type": 7, "object_id": "10", "object_repr": "Porsche", "action_flag": 1, "change_message": "[{\"added\": {}}]"}}, {"model": "admin.logentry", "pk": 10, "fields": {"action_time": "2023-05-25T14:00:26.932Z", "user": 3, "content_type": 7, "object_id": "11", "object_repr": "AUDI", "action_flag": 1, "change_message": "[{\"added\": {}}]"}}, {"model": "admin.logentry", "pk": 11, "fields": {"action_time": "2023-05-25T14:01:02.345Z", "user": 3, "content_type": 7, "object_id": "9", "object_repr": "Mercedes-benz", "action_flag": 2, "change_message": "[{\"changed\": {\"fields\": [\"Votes\"]}}]"}}, {"model": "admin.logentry", "pk": 12, "fields": {"action_time": "2023-06-02T14:29:49.845Z", "user": 3, "content_type": 9, "object_id": "1", "object_repr": "weather", "action_flag": 1, "change_message": "[{\"added\": {}}]"}}, {"model": "admin.logentry", "pk": 13, "fields": {"action_time": "2023-06-02T14:30:19.868Z", "user": 3, "content_type": 8, "object_id": "2", "object_repr": "How do you do?", "action_flag": 2, "change_message": "[{\"changed\": {\"fields\": [\"Theme\"]}}]"}}, {"model": "admin.logentry", "pk": 14, "fields": {"action_time": "2023-06-11T08:39:05.813Z", "user": 3, "content_type": 10, "object_id": "1", "object_repr": "Person object (1)", "action_flag": 1, "change_message": "[{\"added\": {}}]"}}, {"model": "admin.logentry", "pk": 15, "fields": {"action_time": "2023-06-11T08:39:36.084Z", "user": 3, "content_type": 10, "object_id": "2", "object_repr": "Person object (2)", "action_flag": 1, "change_message": "[{\"added\": {}}]"}}, {"model": "admin.logentry", "pk": 16, "fields": {"action_time": "2023-06-11T08:40:17.471Z", "user": 3, "content_type": 10, "object_id": "3", "object_repr": "Person object (3)", "action_flag": 1, "change_message": "[{\"added\": {}}]"}}, {"model": "admin.logentry", "pk": 17, "fields": {"action_time": "2023-06-11T08:41:10.698Z", "user": 3, "content_type": 10, "object_id": "1", "object_repr": "Person object (1)", "action_flag": 2, "change_message": "[]"}}, {"model": "admin.logentry", "pk": 18, "fields": {"action_time": "2023-06-19T13:55:50.219Z", "user": 3, "content_type": 11, "object_id": "1", "object_repr": "Address object (1)", "action_flag": 1, "change_message": "[{\"added\": {}}]"}}, {"model": "admin.logentry", "pk": 19, "fields": {"action_time": "2023-06-19T14:36:55.057Z", "user": 3, "content_type": 10, "object_id": "3", "object_repr": "Roman Lysak", "action_flag": 2, "change_message": "[{\"changed\": {\"fields\": [\"Address\"]}}]"}}, {"model": "admin.logentry", "pk": 20, "fields": {"action_time": "2023-06-19T14:39:54.508Z", "user": 3, "content_type": 11, "object_id": "1", "object_repr": "Yavoriv Peremogy 20", "action_flag": 2, "change_message": "[{\"changed\": {\"fields\": [\"Number\"]}}]"}}, {"model": "admin.logentry", "pk": 21, "fields": {"action_time": "2023-06-19T14:41:08.832Z", "user": 3, "content_type": 11, "object_id": "2", "object_repr": "Chernylava Lesi Ukrainky 75", "action_flag": 1, "change_message": "[{\"added\": {}}]"}}, {"model": "admin.logentry", "pk": 22, "fields": {"action_time": "2023-06-19T14:42:14.630Z", "user": 3, "content_type": 11, "object_id": "3", "object_repr": "Naghachiv Zelena 99", "action_flag": 1, "change_message": "[{\"added\": {}}]"}}, {"model": "admin.logentry", "pk": 23, "fields": {"action_time": "2023-06-19T14:42:29.150Z", "user": 3, "content_type": 10, "object_id": "3", "object_repr": "Roman Lysak", "action_flag": 2, "change_message": "[]"}}, {"model": "admin.logentry", "pk": 24, "fields": {"action_time": "2023-06-19T14:42:57.241Z", "user": 3, "content_type": 10, "object_id": "1", "object_repr": "Anndriy Turko", "action_flag": 2, "change_message": "[{\"changed\": {\"fields\": [\"Address\"]}}]"}}, {"model": "admin.logentry", "pk": 25, "fields": {"action_time": "2023-06-19T14:43:06.052Z", "user": 3, "content_type": 10, "object_id": "2", "object_repr": "Vasyl Turko", "action_flag": 2, "change_message": "[{\"changed\": {\"fields\": [\"Address\"]}}]"}}, {"model": "admin.logentry", "pk": 26, "fields": {"action_time": "2023-06-19T14:45:29.864Z", "user": 3, "content_type": 10, "object_id": "4", "object_repr": "Dimon Romanyk", "action_flag": 1, "change_message": "[{\"added\": {}}]"}}, {"model": "admin.logentry", "pk": 27, "fields": {"action_time": "2023-06-26T11:24:52.888Z", "user": 3, "content_type": 11, "object_id": "4", "object_repr": "Ternopil Grushewskogo 783", "action_flag": 1, "change_message": "[{\"added\": {}}]"}}, {"model": "admin.logentry", "pk": 28, "fields": {"action_time": "2023-06-26T11:24:54.786Z", "user": 3, "content_type": 10, "object_id": "5", "object_repr": "Vlad Kravchencko", "action_flag": 1, "change_message": "[{\"added\": {}}]"}}, {"model": "admin.logentry", "pk": 29, "fields": {"action_time": "2023-07-03T10:14:01.318Z", "user": 3, "content_type": 13, "object_id": "1", "object_repr": "studied at two institutes 35", "action_flag": 1, "change_message": "[{\"added\": {}}]"}}, {"model": "admin.logentry", "pk": 30, "fields": {"action_time": "2023-07-03T10:14:05.483Z", "user": 3, "content_type": 12, "object_id": "1", "object_repr": "Math easy", "action_flag": 1, "change_message": "[{\"added\": {}}]"}}, {"model": "admin.logentry", "pk": 31, "fields": {"action_time": "2023-07-03T10:16:46.973Z", "user": 3, "content_type": 13, "object_id": "2", "object_repr": "red duplom 30", "action_flag": 1, "change_message": "[{\"added\": {}}]"}}, {"model": "admin.logentry", "pk": 32, "fields": {"action_time": "2023-07-03T10:16:49.248Z", "user": 3, "content_type": 12, "object_id": "2", "object_repr": "IT", "action_flag": 1, "change_message": "[{\"added\": {}}]"}}, {"model": "admin.logentry", "pk": 33, "fields": {"action_time": "2023-07-03T10:20:03.434Z", "user": 3, "content_type": 13, "object_id": "3", "object_repr": "skillfully knows how to lie on the sofa and drink beer 50", "action_flag": 1, "change_message": "[{\"added\": {}}]"}}, {"model": "admin.logentry", "pk": 34, "fields": {"action_time": "2023-07-03T10:20:05.819Z", "user": 3, "content_type": 12, "object_id": "3", "object_repr": "physical training", "action_flag": 1, "change_message": "[{\"added\": {}}]"}}, {"model": "admin.logentry", "pk": 35, "fields": {"action_time": "2023-07-03T10:20:32.588Z", "user": 3, "content_type": 13, "object_id": "1", "object_repr": "studied at two institutes 35", "action_flag": 2, "change_message": "[{\"changed\": {\"fields\": [\"Person\"]}}]"}}, {"model": "admin.logentry", "pk": 36, "fields": {"action_time": "2023-08-30T10:01:23.742Z", "user": 3, "content_type": 14, "object_id": "1", "object_repr": "Grade object (1)", "action_flag": 1, "change_message": "[{\"added\": {}}]"}}, {"model": "admin.logentry", "pk": 37, "fields": {"action_time": "2023-08-30T10:01:51.364Z", "user": 3, "content_type": 14, "object_id": "2", "object_repr": "Grade object (2)", "action_flag": 1, "change_message": "[{\"added\": {}}]"}}, {"model": "admin.logentry", "pk": 38, "fields": {"action_time": "2023-08-30T10:02:08.478Z", "user": 3, "content_type": 14, "object_id": "3", "object_repr": "Grade object (3)", "action_flag": 1, "change_message": "[{\"added\": {}}]"}}, {"model": "admin.logentry", "pk": 39, "fields": {"action_time": "2023-08-30T10:02:25.015Z", "user": 3, "content_type": 15, "object_id": "1", "object_repr": "Puple object (1)", "action_flag": 1, "change_message": "[{\"added\": {}}]"}}, {"model": "admin.logentry", "pk": 40, "fields": {"action_time": "2023-08-30T10:02:31.272Z", "user": 3, "content_type": 15, "object_id": "2", "object_repr": "Puple object (2)", "action_flag": 1, "change_message": "[{\"added\": {}}]"}}, {"model": "admin.logentry", "pk": 41, "fields": {"action_time": "2023-08-30T10:02:38.432Z", "user": 3, "content_type": 15, "object_id": "3", "object_repr": "Puple object (3)", "action_flag": 1, "change_message": "[{\"added\": {}}]"}}, {"model": "admin.logentry", "pk": 42, "fields": {"action_time": "2023-08-30T10:58:44.969Z", "user": 3, "content_type": 15, "object_id": "4", "object_repr": "Dimon Romanyk 8", "action_flag": 1, "change_message": "[{\"added\": {}}]"}}, {"model": "admin.logentry", "pk": 43, "fields": {"action_time": "2023-09-02T10:33:45.241Z", "user": 3, "content_type": 10, "object_id": "6", "object_repr": "Artem Cisda", "action_flag": 1, "change_message": "[{\"added\": {}}]"}}, {"model": "admin.logentry", "pk": 44, "fields": {"action_time": "2023-09-02T10:34:02.292Z", "user": 3, "content_type": 10, "object_id": "7", "object_repr": "Max Kit", "action_flag": 1, "change_message": "[{\"added\": {}}]"}}, {"model": "admin.logentry", "pk": 45, "fields": {"action_time": "2023-09-02T10:34:45.323Z", "user": 3, "content_type": 10, "object_id": "8", "object_repr": "Vlad Pavlyk", "action_flag": 1, "change_message": "[{\"added\": {}}]"}}, {"model": "admin.logentry", "pk": 46, "fields": {"action_time": "2023-09-02T10:35:30.130Z", "user": 3, "content_type": 10, "object_id": "9", "object_repr": "Vitalik Cohman", "action_flag": 1, "change_message": "[{\"added\": {}}]"}}, {"model": "admin.logentry", "pk": 47, "fields": {"action_time": "2023-09-02T10:36:02.040Z", "user": 3, "content_type": 15, "object_id": "5", "object_repr": "Vitalik Cohman 8", "action_flag": 1, "change_message": "[{\"added\": {}}]"}}, {"model": "admin.logentry", "pk": 48, "fields": {"action_time": "2023-09-02T10:36:11.012Z", "user": 3, "content_type": 15, "object_id": "6", "object_repr": "Max Kit 11", "action_flag": 1, "change_message": "[{\"added\": {}}]"}}, {"model": "admin.logentry", "pk": 49, "fields": {"action_time": "2023-09-02T10:36:16.769Z", "user": 3, "content_type": 15, "object_id": "7", "object_repr": "Vlad Pavlyk 3", "action_flag": 1, "change_message": "[{\"added\": {}}]"}}, {"model": "admin.logentry", "pk": 50, "fields": {"action_time": "2023-09-02T10:36:22.921Z", "user": 3, "content_type": 15, "object_id": "8", "object_repr": "Artem Cisda 8", "action_flag": 1, "change_message": "[{\"added\": {}}]"}}, {"model": "admin.logentry", "pk": 51, "fields": {"action_time": "2023-09-03T08:35:05.450Z", "user": 3, "content_type": 15, "object_id": "9", "object_repr": "Vlad Kravchencko 8", "action_flag": 1, "change_message": "[{\"added\": {}}]"}}, {"model": "admin.logentry", "pk": 52, "fields": {"action_time": "2023-09-03T08:37:22.850Z", "user": 3, "content_type": 14, "object_id": "4", "object_repr": "8b", "action_flag": 1, "change_message": "[{\"added\": {}}]"}}, {"model": "admin.logentry", "pk": 53, "fields": {"action_time": "2023-09-09T17:59:31.330Z", "user": 3, "content_type": 11, "object_id": "5", "object_repr": "Baget Macron 55", "action_flag": 1, "change_message": "[{\"added\": {}}]"}}, {"model": "admin.logentry", "pk": 54, "fields": {"action_time": "2023-09-09T18:00:51.927Z", "user": 3, "content_type": 11, "object_id": "6", "object_repr": "Varshava Pontovsii 9", "action_flag": 1, "change_message": "[{\"added\": {}}]"}}, {"model": "admin.logentry", "pk": 55, "fields": {"action_time": "2023-09-09T18:02:06.371Z", "user": 3, "content_type": 11, "object_id": "7", "object_repr": "Mac Macovskogo 534", "action_flag": 1, "change_message": "[{\"added\": {}}]"}}, {"model": "admin.logentry", "pk": 56, "fields": {"action_time": "2023-09-09T18:02:48.763Z", "user": 3, "content_type": 11, "object_id": "8", "object_repr": "Naghachiv Nudna 77", "action_flag": 1, "change_message": "[{\"added\": {}}]"}}, {"model": "admin.logentry", "pk": 57, "fields": {"action_time": "2023-10-15T08:08:57.708Z", "user": 3, "content_type": 16, "object_id": "1", "object_repr": "Anndriy Turko Yavoriv Peremogy 20 8", "action_flag": 1, "change_message": "[{\"added\": {}}]"}}, {"model": "admin.logentry", "pk": 58, "fields": {"action_time": "2023-11-26T09:18:36.309Z", "user": 3, "content_type": 17, "object_id": "1", "object_repr": "Anndriy Turko 8 IT", "action_flag": 1, "change_message": "[{\"added\": {}}]"}}, {"model": "admin.logentry", "pk": 59, "fields": {"action_time": "2023-11-26T09:18:49.812Z", "user": 3, "content_type": 17, "object_id": "2", "object_repr": "Dimon Romanyk 8 IT", "action_flag": 1, "change_message": "[{\"added\": {}}]"}}, {"model": "admin.logentry", "pk": 60, "fields": {"action_time": "2023-11-26T09:19:00.283Z", "user": 3, "content_type": 17, "object_id": "3", "object_repr": "Vlad Pavlyk 3 physical training", "action_flag": 1, "change_message": "[{\"added\": {}}]"}}, {"model": "auth.permission", "pk": 1, "fields": {"name": "Can add log entry", "content_type": 1, "codename": "add_logentry"}}, {"model": "auth.permission", "pk": 2, "fields": {"name": "Can change log entry", "content_type": 1, "codename": "change_logentry"}}, {"model": "auth.permission", "pk": 3, "fields": {"name": "Can delete log entry", "content_type": 1, "codename": "delete_logentry"}}, {"model": "auth.permission", "pk": 4, "fields": {"name": "Can view log entry", "content_type": 1, "codename": "view_logentry"}}, {"model": "auth.permission", "pk": 5, "fields": {"name": "Can add permission", "content_type": 2, "codename": "add_permission"}}, {"model": "auth.permission", "pk": 6, "fields": {"name": "Can change permission", "content_type": 2, "codename": "change_permission"}}, {"model": "auth.permission", "pk": 7, "fields": {"name": "Can delete permission", "content_type": 2, "codename": "delete_permission"}}, {"model": "auth.permission", "pk": 8, "fields": {"name": "Can view permission", "content_type": 2, "codename": "view_permission"}}, {"model": "auth.permission", "pk": 9, "fields": {"name": "Can add group", "content_type": 3, "codename": "add_group"}}, {"model": "auth.permission", "pk": 10, "fields": {"name": "Can change group", "content_type": 3, "codename": "change_group"}}, {"model": "auth.permission", "pk": 11, "fields": {"name": "Can delete group", "content_type": 3, "codename": "delete_group"}}, {"model": "auth.permission", "pk": 12, "fields": {"name": "Can view group", "content_type": 3, "codename": "view_group"}}, {"model": "auth.permission", "pk": 13, "fields": {"name": "Can add user", "content_type": 4, "codename": "add_user"}}, {"model": "auth.permission", "pk": 14, "fields": {"name": "Can change user", "content_type": 4, "codename": "change_user"}}, {"model": "auth.permission", "pk": 15, "fields": {"name": "Can delete user", "content_type": 4, "codename": "delete_user"}}, {"model": "auth.permission", "pk": 16, "fields": {"name": "Can view user", "content_type": 4, "codename": "view_user"}}, {"model": "auth.permission", "pk": 17, "fields": {"name": "Can add content type", "content_type": 5, "codename": "add_contenttype"}}, {"model": "auth.permission", "pk": 18, "fields": {"name": "Can change content type", "content_type": 5, "codename": "change_contenttype"}}, {"model": "auth.permission", "pk": 19, "fields": {"name": "Can delete content type", "content_type": 5, "codename": "delete_contenttype"}}, {"model": "auth.permission", "pk": 20, "fields": {"name": "Can view content type", "content_type": 5, "codename": "view_contenttype"}}, {"model": "auth.permission", "pk": 21, "fields": {"name": "Can add session", "content_type": 6, "codename": "add_session"}}, {"model": "auth.permission", "pk": 22, "fields": {"name": "Can change session", "content_type": 6, "codename": "change_session"}}, {"model": "auth.permission", "pk": 23, "fields": {"name": "Can delete session", "content_type": 6, "codename": "delete_session"}}, {"model": "auth.permission", "pk": 24, "fields": {"name": "Can view session", "content_type": 6, "codename": "view_session"}}, {"model": "auth.permission", "pk": 25, "fields": {"name": "Can add choice", "content_type": 7, "codename": "add_choice"}}, {"model": "auth.permission", "pk": 26, "fields": {"name": "Can change choice", "content_type": 7, "codename": "change_choice"}}, {"model": "auth.permission", "pk": 27, "fields": {"name": "Can delete choice", "content_type": 7, "codename": "delete_choice"}}, {"model": "auth.permission", "pk": 28, "fields": {"name": "Can view choice", "content_type": 7, "codename": "view_choice"}}, {"model": "auth.permission", "pk": 29, "fields": {"name": "Can add question", "content_type": 8, "codename": "add_question"}}, {"model": "auth.permission", "pk": 30, "fields": {"name": "Can change question", "content_type": 8, "codename": "change_question"}}, {"model": "auth.permission", "pk": 31, "fields": {"name": "Can delete question", "content_type": 8, "codename": "delete_question"}}, {"model": "auth.permission", "pk": 32, "fields": {"name": "Can view question", "content_type": 8, "codename": "view_question"}}, {"model": "auth.permission", "pk": 33, "fields": {"name": "Can add theme", "content_type": 9, "codename": "add_theme"}}, {"model": "auth.permission", "pk": 34, "fields": {"name": "Can change theme", "content_type": 9, "codename": "change_theme"}}, {"model": "auth.permission", "pk": 35, "fields": {"name": "Can delete theme", "content_type": 9, "codename": "delete_theme"}}, {"model": "auth.permission", "pk": 36, "fields": {"name": "Can view theme", "content_type": 9, "codename": "view_theme"}}, {"model": "auth.permission", "pk": 37, "fields": {"name": "Can add person", "content_type": 10, "codename": "add_person"}}, {"model": "auth.permission", "pk": 38, "fields": {"name": "Can change person", "content_type": 10, "codename": "change_person"}}, {"model": "auth.permission", "pk": 39, "fields": {"name": "Can delete person", "content_type": 10, "codename": "delete_person"}}, {"model": "auth.permission", "pk": 40, "fields": {"name": "Can view person", "content_type": 10, "codename": "view_person"}}, {"model": "auth.permission", "pk": 41, "fields": {"name": "Can add addrres", "content_type": 11, "codename": "add_addrres"}}, {"model": "auth.permission", "pk": 42, "fields": {"name": "Can change addrres", "content_type": 11, "codename": "change_addrres"}}, {"model": "auth.permission", "pk": 43, "fields": {"name": "Can delete addrres", "content_type": 11, "codename": "delete_addrres"}}, {"model": "auth.permission", "pk": 44, "fields": {"name": "Can view addrres", "content_type": 11, "codename": "view_addrres"}}, {"model": "auth.permission", "pk": 45, "fields": {"name": "Can add address", "content_type": 11, "codename": "add_address"}}, {"model": "auth.permission", "pk": 46, "fields": {"name": "Can change address", "content_type": 11, "codename": "change_address"}}, {"model": "auth.permission", "pk": 47, "fields": {"name": "Can delete address", "content_type": 11, "codename": "delete_address"}}, {"model": "auth.permission", "pk": 48, "fields": {"name": "Can view address", "content_type": 11, "codename": "view_address"}}, {"model": "auth.permission", "pk": 49, "fields": {"name": "Can add subject", "content_type": 12, "codename": "add_subject"}}, {"model": "auth.permission", "pk": 50, "fields": {"name": "Can change subject", "content_type": 12, "codename": "change_subject"}}, {"model": "auth.permission", "pk": 51, "fields": {"name": "Can delete subject", "content_type": 12, "codename": "delete_subject"}}, {"model": "auth.permission", "pk": 52, "fields": {"name": "Can view subject", "content_type": 12, "codename": "view_subject"}}, {"model": "auth.permission", "pk": 53, "fields": {"name": "Can add teacher", "content_type": 13, "codename": "add_teacher"}}, {"model": "auth.permission", "pk": 54, "fields": {"name": "Can change teacher", "content_type": 13, "codename": "change_teacher"}}, {"model": "auth.permission", "pk": 55, "fields": {"name": "Can delete teacher", "content_type": 13, "codename": "delete_teacher"}}, {"model": "auth.permission", "pk": 56, "fields": {"name": "Can view teacher", "content_type": 13, "codename": "view_teacher"}}, {"model": "auth.permission", "pk": 57, "fields": {"name": "Can add grade", "content_type": 14, "codename": "add_grade"}}, {"model": "auth.permission", "pk": 58, "fields": {"name": "Can change grade", "content_type": 14, "codename": "change_grade"}}, {"model": "auth.permission", "pk": 59, "fields": {"name": "Can delete grade", "content_type": 14, "codename": "delete_grade"}}, {"model": "auth.permission", "pk": 60, "fields": {"name": "Can view grade", "content_type": 14, "codename": "view_grade"}}, {"model": "auth.permission", "pk": 61, "fields": {"name": "Can add puple", "content_type": 15, "codename": "add_puple"}}, {"model": "auth.permission", "pk": 62, "fields": {"name": "Can change puple", "content_type": 15, "codename": "change_puple"}}, {"model": "auth.permission", "pk": 63, "fields": {"name": "Can delete puple", "content_type": 15, "codename": "delete_puple"}}, {"model": "auth.permission", "pk": 64, "fields": {"name": "Can view puple", "content_type": 15, "codename": "view_puple"}}, {"model": "auth.permission", "pk": 65, "fields": {"name": "Can add myschool", "content_type": 16, "codename": "add_myschool"}}, {"model": "auth.permission", "pk": 66, "fields": {"name": "Can change myschool", "content_type": 16, "codename": "change_myschool"}}, {"model": "auth.permission", "pk": 67, "fields": {"name": "Can delete myschool", "content_type": 16, "codename": "delete_myschool"}}, {"model": "auth.permission", "pk": 68, "fields": {"name": "Can view myschool", "content_type": 16, "codename": "view_myschool"}}, {"model": "auth.permission", "pk": 69, "fields": {"name": "Can add mark", "content_type": 17, "codename": "add_mark"}}, {"model": "auth.permission", "pk": 70, "fields": {"name": "Can change mark", "content_type": 17, "codename": "change_mark"}}, {"model": "auth.permission", "pk": 71, "fields": {"name": "Can delete mark", "content_type": 17, "codename": "delete_mark"}}, {"model": "auth.permission", "pk": 72, "fields": {"name": "Can view mark", "content_type": 17, "codename": "view_mark"}}, {"model": "auth.user", "pk": 1, "fields": {"password": "pbkdf2_sha256$260000$GbNDXBExQazOkoxPF9PtpD$2sQZq3Xcu9w+vGh49PPKsymxrvsMdA9gGhdFpGGkrxo=", "last_login": "2023-05-07T08:36:59.237Z", "is_superuser": true, "username": "admin", "first_name": "", "last_name": "", "email": "andriyturko33@gmail.com", "is_staff": true, "is_active": true, "date_joined": "2023-04-30T09:03:23.266Z", "groups": [], "user_permissions": []}}, {"model": "auth.user", "pk": 2, "fields": {"password": "pbkdf2_sha256$260000$sM0JJVdcTi2z0JFyFcYxUT$GI5AYDR6BRLovB7OKkrgbyGVB78lgKNZUplJfMype98=", "last_login": null, "is_superuser": false, "username": "bobik", "first_name": "", "last_name": "", "email": "", "is_staff": false, "is_active": true, "date_joined": "2023-04-30T09:05:50Z", "groups": [], "user_permissions": []}}, {"model": "auth.user", "pk": 3, "fields": {"password": "pbkdf2_sha256$260000$KthI62pskKemsL5BK5c79m$bmv6G16G9AvAwis4Osmpxb64dvz7H4HILfp4RNUfa+M=", "last_login": "2023-12-09T17:55:15.821Z", "is_superuser": true, "username": "andriy", "first_name": "", "last_name": "", "email": "andriyturko33@gmail.com", "is_staff": true, "is_active": true, "date_joined": "2023-05-06T13:19:58.627Z", "groups": [], "user_permissions": []}}, {"model": "auth.user", "pk": 4, "fields": {"password": "1234", "last_login": null, "is_superuser": false, "username": "Anndriy_Turko", "first_name": "Anndriy", "last_name": "Turko", "email": "", "is_staff": false, "is_active": true, "date_joined": "2023-12-10T10:00:20.770Z", "groups": [], "user_permissions": []}}, {"model": "auth.user", "pk": 5, "fields": {"password": "1234", "last_login": null, "is_superuser": false, "username": "Vasyl_Turko", "first_name": "Vasyl", "last_name": "Turko", "email": "", "is_staff": false, "is_active": true, "date_joined": "2023-12-10T10:00:20.776Z", "groups": [], "user_permissions": []}}, {"model": "auth.user", "pk": 6, "fields": {"password": "1234", "last_login": null, "is_superuser": false, "username": "Roman_Lysak", "first_name": "Roman", "last_name": "Lysak", "email": "", "is_staff": false, "is_active": true, "date_joined": "2023-12-10T10:00:20.779Z", "groups": [], "user_permissions": []}}, {"model": "auth.user", "pk": 7, "fields": {"password": "1234", "last_login": null, "is_superuser": false, "username": "Dimon_Romanyk", "first_name": "Dimon", "last_name": "Romanyk", "email": "", "is_staff": false, "is_active": true, "date_joined": "2023-12-10T10:00:20.781Z", "groups": [], "user_permissions": []}}, {"model": "auth.user", "pk": 8, "fields": {"password": "1234", "last_login": null, "is_superuser": false, "username": "Vlad_Kravchencko", "first_name": "Vlad", "last_name": "Kravchencko", "email": "", "is_staff": false, "is_active": true, "date_joined": "2023-12-10T10:00:20.784Z", "groups": [], "user_permissions": []}}, {"model": "auth.user", "pk": 9, "fields": {"password": "1234", "last_login": null, "is_superuser": false, "username": "Artem_Cisda", "first_name": "Artem", "last_name": "Cisda", "email": "", "is_staff": false, "is_active": true, "date_joined": "2023-12-10T10:00:20.787Z", "groups": [], "user_permissions": []}}, {"model": "auth.user", "pk": 10, "fields": {"password": "1234", "last_login": null, "is_superuser": false, "username": "Max_Kit", "first_name": "Max", "last_name": "Kit", "email": "", "is_staff": false, "is_active": true, "date_joined": "2023-12-10T10:00:20.790Z", "groups": [], "user_permissions": []}}, {"model": "auth.user", "pk": 11, "fields": {"password": "1234", "last_login": null, "is_superuser": false, "username": "Vlad_Pavlyk", "first_name": "Vlad", "last_name": "Pavlyk", "email": "", "is_staff": false, "is_active": true, "date_joined": "2023-12-10T10:00:20.793Z", "groups": [], "user_permissions": []}}, {"model": "auth.user", "pk": 12, "fields": {"password": "1234", "last_login": null, "is_superuser": false, "username": "Vitalik_Cohman", "first_name": "Vitalik", "last_name": "Cohman", "email": "", "is_staff": false, "is_active": true, "date_joined": "2023-12-10T10:00:20.795Z", "groups": [], "user_permissions": []}}, {"model": "auth.user", "pk": 13, "fields": {"password": "1234", "last_login": null, "is_superuser": false, "username": "Denis_Baglay", "first_name": "Denis", "last_name": "Baglay", "email": "", "is_staff": false, "is_active": true, "date_joined": "2023-12-10T10:00:20.798Z", "groups": [], "user_permissions": []}}, {"model": "auth.user", "pk": 14, "fields": {"password": "1234", "last_login": null, "is_superuser": false, "username": "Sashko_Volosko", "first_name": "Sashko", "last_name": "Volosko", "email": "", "is_staff": false, "is_active": true, "date_joined": "2023-12-10T10:00:20.800Z", "groups": [], "user_permissions": []}}, {"model": "auth.user", "pk": 15, "fields": {"password": "1234", "last_login": null, "is_superuser": false, "username": "Vitya_Oleh", "first_name": "Vitya", "last_name": "Oleh", "email": "", "is_staff": false, "is_active": true, "date_joined": "2023-12-10T10:00:20.803Z", "groups": [], "user_permissions": []}}, {"model": "auth.user", "pk": 16, "fields": {"password": "1234", "last_login": null, "is_superuser": false, "username": "Anya_Hula", "first_name": "Anya", "last_name": "Hula", "email": "", "is_staff": false, "is_active": true, "date_joined": "2023-12-10T10:00:20.806Z", "groups": [], "user_permissions": []}}, {"model": "auth.user", "pk": 17, "fields": {"password": "1234", "last_login": null, "is_superuser": false, "username": "Denis_Pelunnio", "first_name": "Denis", "last_name": "Pelunnio", "email": "", "is_staff": false, "is_active": true, "date_joined": "2023-12-10T10:00:20.808Z", "groups": [], "user_permissions": []}}, {"model": "auth.user", "pk": 18, "fields": {"password": "1234", "last_login": null, "is_superuser": false, "username": "Vasyl_Dacko", "first_name": "Vasyl", "last_name": "Dacko", "email": "", "is_staff": false, "is_active": true, "date_joined": "2023-12-10T10:00:20.811Z", "groups": [], "user_permissions": []}}, {"model": "auth.user", "pk": 19, "fields": {"password": "1234", "last_login": null, "is_superuser": false, "username": "Iryna_Tyrko", "first_name": "Iryna", "last_name": "Tyrko", "email": "", "is_staff": false, "is_active": true, "date_joined": "2023-12-10T10:00:20.813Z", "groups": [], "user_permissions": []}}, {"model": "contenttypes.contenttype", "pk": 1, "fields": {"app_label": "admin", "model": "logentry"}}, {"model": "contenttypes.contenttype", "pk": 2, "fields": {"app_label": "auth", "model": "permission"}}, {"model": "contenttypes.contenttype", "pk": 3, "fields": {"app_label": "auth", "model": "group"}}, {"model": "contenttypes.contenttype", "pk": 4, "fields": {"app_label": "auth", "model": "user"}}, {"model": "contenttypes.contenttype", "pk": 5, "fields": {"app_label": "contenttypes", "model": "contenttype"}}, {"model": "contenttypes.contenttype", "pk": 6, "fields": {"app_label": "sessions", "model": "session"}}, {"model": "contenttypes.contenttype", "pk": 7, "fields": {"app_label": "polls", "model": "choice"}}, {"model": "contenttypes.contenttype", "pk": 8, "fields": {"app_label": "polls", "model": "question"}}, {"model": "contenttypes.contenttype", "pk": 9, "fields": {"app_label": "polls", "model": "theme"}}, {"model": "contenttypes.contenttype", "pk": 10, "fields": {"app_label": "myschool", "model": "person"}}, {"model": "contenttypes.contenttype", "pk": 11, "fields": {"app_label": "myschool", "model": "address"}}, {"model": "contenttypes.contenttype", "pk": 12, "fields": {"app_label": "myschool", "model": "subject"}}, {"model": "contenttypes.contenttype", "pk": 13, "fields": {"app_label": "myschool", "model": "teacher"}}, {"model": "contenttypes.contenttype", "pk": 14, "fields": {"app_label": "myschool", "model": "grade"}}, {"model": "contenttypes.contenttype", "pk": 15, "fields": {"app_label": "myschool", "model": "puple"}}, {"model": "contenttypes.contenttype", "pk": 16, "fields": {"app_label": "myschool", "model": "myschool"}}, {"model": "contenttypes.contenttype", "pk": 17, "fields": {"app_label": "myschool", "model": "mark"}}, {"model": "sessions.session", "pk": "2dupru5sf70maq2nzwm332v909adp678", "fields": {"session_data": ".eJxVjDsOwjAQBe_iGln-JP5Q0ucM1q53wQFkS3FSIe4OkVJA-2bmvUSCbS1p67ykmcRZWHH63RDyg-sO6A711mRudV1mlLsiD9rl1Iifl8P9OyjQy7fWpKK9sgUcDTjrvTMYc1QaOLs4Aiv0QSEF0hiCHaxHzAMSggGVA4v3B-k8OIE:1qzZcy:bdH1CJCgPgd_cdQocqlXd1dleMA4WcQ85ePSfJyTrjY", "expire_date": "2023-11-19T09:41:08.738Z"}}, {"model": "sessions.session", "pk": "7ydwos0pon3yjmwpfv48c3a6q14zymrs", "fields": {"session_data": ".eJxVjDsOwjAQBe_iGln-JP5Q0ucM1q53wQFkS3FSIe4OkVJA-2bmvUSCbS1p67ykmcRZWHH63RDyg-sO6A711mRudV1mlLsiD9rl1Iifl8P9OyjQy7fWpKK9sgUcDTjrvTMYc1QaOLs4Aiv0QSEF0hiCHaxHzAMSggGVA4v3B-k8OIE:1qrvRb:xAm70-6e3JJosxa6ssluwEZbdmmfrAgVGQ_LF4eHqWQ", "expire_date": "2023-10-29T07:21:47.408Z"}}, {"model": "sessions.session", "pk": "8ptd3tkax9wo4p6brdx27s2f7e2c9670", "fields": {"session_data": ".eJxVjDsOwjAQBe_iGln-xbYo6TmDtevd4ACypTipIu5OIqWA9s3M20SCdSlp7TynicRVaHH53RDyi-sB6An10WRudZknlIciT9rlvRG_b6f7d1Cgl70eFdjsI5JzSGN0dvCagtGGGZ12aA3ZQXNka6JVSD5gNGQUBKLdzOLzBeREN-s:1pt2yI:4xkAWrPFh-tsAQCD0JR6yAZGzG3_fMIwIK3ht4P2Y6E", "expire_date": "2023-05-14T09:03:54.836Z"}}, {"model": "sessions.session", "pk": "8rla0t1r9rb1wbywhekdhr8w2pfzbdlb", "fields": {"session_data": ".eJxVjDsOwjAQBe_iGln-JP5Q0ucM1q53wQFkS3FSIe4OkVJA-2bmvUSCbS1p67ykmcRZWHH63RDyg-sO6A711mRudV1mlLsiD9rl1Iifl8P9OyjQy7fWpKK9sgUcDTjrvTMYc1QaOLs4Aiv0QSEF0hiCHaxHzAMSggGVA4v3B-k8OIE:1qMUzm:o0dKWTeDvQf7yQtS1RN-p-9gw6q8SGARs58h_9KyL2U", "expire_date": "2023-08-03T14:51:10.428Z"}}, {"model": "sessions.session", "pk": "8s44hz06gttmttlxzwy9ntz24a7qrehe", "fields": {"session_data": ".eJxVjDsOwjAQBe_iGln-JP5Q0ucM1q53wQFkS3FSIe4OkVJA-2bmvUSCbS1p67ykmcRZWHH63RDyg-sO6A711mRudV1mlLsiD9rl1Iifl8P9OyjQy7fWpKK9sgUcDTjrvTMYc1QaOLs4Aiv0QSEF0hiCHaxHzAMSggGVA4v3B-k8OIE:1qAZjE:QxrVCutuUv3g4b8LxaIZ7DSxtF531ZJ3cbnKxtcXh2s", "expire_date": "2023-07-01T17:28:48.613Z"}}, {"model": "sessions.session", "pk": "ap5uaye7og74qm17d4bjfjlweh1ql8yl", "fields": {"session_data": ".eJxVjDsOwjAQBe_iGln-JP5Q0ucM1q53wQFkS3FSIe4OkVJA-2bmvUSCbS1p67ykmcRZWHH63RDyg-sO6A711mRudV1mlLsiD9rl1Iifl8P9OyjQy7fWpKK9sgUcDTjrvTMYc1QaOLs4Aiv0QSEF0hiCHaxHzAMSggGVA4v3B-k8OIE:1qbHzJ:Rn_vBBYvSUe6-I0mrt_qwqghp5XXLE2Z5hfkSmr39uA", "expire_date": "2023-09-13T09:59:49.278Z"}}, {"model": "sessions.session", "pk": "da4p6a9qnzgyzd71eo6e24gsr5rulk4i", "fields": {"session_data": ".eJxVjDsOwjAQBe_iGln-JP5Q0ucM1q53wQFkS3FSIe4OkVJA-2bmvUSCbS1p67ykmcRZWHH63RDyg-sO6A711mRudV1mlLsiD9rl1Iifl8P9OyjQy7fWpKK9sgUcDTjrvTMYc1QaOLs4Aiv0QSEF0hiCHaxHzAMSggGVA4v3B-k8OIE:1py7JE:5--IAB_WFZM2Ck_jiXki1QZGdU6isYDBhQ6jsdgDzYg", "expire_date": "2023-05-28T08:42:28.724Z"}}, {"model": "sessions.session", "pk": "ekmk6z6ffhwam0wziwq3w547adob7tin", "fields": {"session_data": ".eJxVjDsOwjAQBe_iGln-JP5Q0ucM1q53wQFkS3FSIe4OkVJA-2bmvUSCbS1p67ykmcRZWHH63RDyg-sO6A711mRudV1mlLsiD9rl1Iifl8P9OyjQy7fWpKK9sgUcDTjrvTMYc1QaOLs4Aiv0QSEF0hiCHaxHzAMSggGVA4v3B-k8OIE:1rC1Xn:r4e1FtWX0Fpqe-22nELlHXqhwjfoJ4rxHVW5Z-Gu1RM", "expire_date": "2023-12-23T17:55:15.823Z"}}, {"model": "sessions.session", "pk": "j51wo7nr95qg7q6y9h9bme6md74f6ijw", "fields": {"session_data": ".eJxVjDsOwjAQBe_iGln-JP5Q0ucM1q53wQFkS3FSIe4OkVJA-2bmvUSCbS1p67ykmcRZWHH63RDyg-sO6A711mRudV1mlLsiD9rl1Iifl8P9OyjQy7fWpKK9sgUcDTjrvTMYc1QaOLs4Aiv0QSEF0hiCHaxHzAMSggGVA4v3B-k8OIE:1r6w19:ZIkXBFsjt_QLFmXKQHmG_WOfb5M_UHWGtHuwsITWUtA", "expire_date": "2023-12-09T17:00:31.260Z"}}, {"model": "sessions.session", "pk": "lmog6yeu8vkony7xbx4he2x50iqkoxch", "fields": {"session_data": ".eJxVjDsOwjAQBe_iGln-JP5Q0ucM1q53wQFkS3FSIe4OkVJA-2bmvUSCbS1p67ykmcRZWHH63RDyg-sO6A711mRudV1mlLsiD9rl1Iifl8P9OyjQy7fWpKK9sgUcDTjrvTMYc1QaOLs4Aiv0QSEF0hiCHaxHzAMSggGVA4v3B-k8OIE:1q4OtR:WFfL-ULXT4DvkCx4tWexH3SMEVWMLyPZczENcLgdo-Y", "expire_date": "2023-06-14T16:41:49.616Z"}}, {"model": "sessions.session", "pk": "niv977dy4hhjkizf5w4dk1cvldo7ttlj", "fields": {"session_data": ".eJxVjDsOwjAQBe_iGln-JP5Q0ucM1q53wQFkS3FSIe4OkVJA-2bmvUSCbS1p67ykmcRZWHH63RDyg-sO6A711mRudV1mlLsiD9rl1Iifl8P9OyjQy7fWpKK9sgUcDTjrvTMYc1QaOLs4Aiv0QSEF0hiCHaxHzAMSggGVA4v3B-k8OIE:1qkQap:yfzHckIbqa9OMGSKR3qBfPj9AfRcJvNtFhtiFrU0Rgs", "expire_date": "2023-10-08T15:00:19.318Z"}}, {"model": "sessions.session", "pk": "wdq0gi3ihsubheqgdqhjsncyk24l5bj3", "fields": {"session_data": ".eJxVjDsOwjAQBe_iGln-xbYo6TmDtevd4ACypTipIu5OIqWA9s3M20SCdSlp7TynicRVaHH53RDyi-sB6An10WRudZknlIciT9rlvRG_b6f7d1Cgl70eFdjsI5JzSGN0dvCagtGGGZ12aA3ZQXNka6JVSD5gNGQUBKLdzOLzBeREN-s:1pvZt5:sDlO6e8lYRT9tOKk7DnjUoA4npKdtO53mju_1cMNZyE", "expire_date": "2023-05-21T08:36:59.240Z"}}, {"model": "sessions.session", "pk": "x10rhr95ioglj6ydmri9asgcv0kuo26y", "fields": {"session_data": ".eJxVjDsOwjAQBe_iGln-JP5Q0ucM1q53wQFkS3FSIe4OkVJA-2bmvUSCbS1p67ykmcRZWHH63RDyg-sO6A711mRudV1mlLsiD9rl1Iifl8P9OyjQy7fWpKK9sgUcDTjrvTMYc1QaOLs4Aiv0QSEF0hiCHaxHzAMSggGVA4v3B-k8OIE:1qGFMA:3BaItfOim9gv75Eucep3tTII-Bm7tFK0tqwaU7UoivM", "expire_date": "2023-07-17T08:56:26.256Z"}}, {"model": "myschool.address", "pk": 1, "fields": {"country": "Ukraine", "region": "Lviv", "town": "Yavoriv", "street": "Peremogy", "number": "20"}}, {"model": "myschool.address", "pk": 2, "fields": {"country": "Ukraine", "region": "Zhytomyr", "town": "Chernylava", "street": "Lesi Ukrainky", "number": "75"}}, {"model": "myschool.address", "pk": 3, "fields": {"country": "Ukraine", "region": "Kyiv", "town": "Naghachiv", "street": "Zelena", "number": "99"}}, {"model": "myschool.address", "pk": 4, "fields": {"country": "Ukraine", "region": "Ternopil", "town": "Ternopil", "street": "Grushewskogo", "number": "783"}}, {"model": "myschool.address", "pk": 5, "fields": {"country": "French", "region": "Paris", "town": "Baget", "street": "Macron", "number": "55"}}, {"model": "myschool.address", "pk": 6, "fields": {"country": "Polannd", "region": "Varshava", "town": "Varshava", "street": "Pontovsii", "number": "9"}}, {"model": "myschool.address", "pk": 7, "fields": {"country": "Ukraine", "region": "Odessa", "town": "Mac", "street": "Macovskogo", "number": "534"}}, {"model": "myschool.address", "pk": 8, "fields": {"country": "Ukraine", "region": "Lviv", "town": "Naghachiv", "street": "Nudna", "number": "77"}}, {"model": "myschool.address", "pk": 9, "fields": {"country": "USA", "region": "New York", "town": "New York", "street": "Krygla", "number": "92"}}, {"model": "myschool.address", "pk": 10, "fields": {"country": "Ukrainne", "region": "", "town": "New York", "street": "Makoveya", "number": "92"}}, {"model": "myschool.address", "pk": 11, "fields": {"country": "Ukraine", "region": "Lviv", "town": "Shcklo", "street": "Shevchenka", "number": "948"}}, {"model": "myschool.address", "pk": 12, "fields": {"country": "Ukraine", "region": "Yavoiv", "town": "Semirivka", "street": "Peremogy", "number": "68"}}, {"model": "myschool.address", "pk": 13, "fields": {"country": "Ukraine", "region": "Yavoiv", "town": "Semirivka", "street": "Peremogy", "number": "68"}}, {"model": "myschool.address", "pk": 14, "fields": {"country": "Ukraine", "region": "Yavoiv", "town": "Mac", "street": "Peremogu", "number": "202"}}, {"model": "myschool.address", "pk": 15, "fields": {"country": "Ukraine", "region": "Yavoiv", "town": "Mac", "street": "Peremogu", "number": "202"}}, {"model": "myschool.address", "pk": 16, "fields": {"country": "Ukraine", "region": "Paris", "town": "Ternopil", "street": "Hermer", "number": "55"}}, {"model": "myschool.address", "pk": 17, "fields": {"country": "Paris", "region": "Efilieva", "town": "France", "street": "Bageta", "number": "89"}}, {"model": "myschool.address", "pk": 18, "fields": {"country": "Ukrajdjd", "region": "Xjxjxjdjjd", "town": "Sidkdjdjkd", "street": "Skskdkdkdk", "number": "3"}}, {"model": "myschool.address", "pk": 19, "fields": {"country": "Ukraine", "region": "Lviv", "town": "Javorov", "street": "Peremohy", "number": "124"}}, {"model": "myschool.address", "pk": 20, "fields": {"country": "Ukraine", "region": "Lviv", "town": "Javoriv", "street": "Peremohy", "number": "124"}}, {"model": "myschool.person", "pk": 1, "fields": {"user": 4, "birth_date": "2009-12-05", "address": 2}}, {"model": "myschool.person", "pk": 2, "fields": {"user": 5, "birth_date": "2023-06-11", "address": 3}}, {"model": "myschool.person", "pk": 3, "fields": {"user": 6, "birth_date": "2023-06-11", "address": 1}}, {"model": "myschool.person", "pk": 4, "fields": {"user": 7, "birth_date": "2023-06-19", "address": 2}}, {"model": "myschool.person", "pk": 5, "fields": {"user": 8, "birth_date": "2023-06-26", "address": 4}}, {"model": "myschool.person", "pk": 6, "fields": {"user": 9, "birth_date": "2023-09-02", "address": 1}}, {"model": "myschool.person", "pk": 7, "fields": {"user": 10, "birth_date": "2023-09-02", "address": 1}}, {"model": "myschool.person", "pk": 8, "fields": {"user": 11, "birth_date": "2023-09-02", "address": 2}}, {"model": "myschool.person", "pk": 9, "fields": {"user": 12, "birth_date": "2023-09-02", "address": 3}}, {"model": "myschool.person", "pk": 10, "fields": {"user": 13, "birth_date": "2010-07-23", "address": 3}}, {"model": "myschool.person", "pk": 11, "fields": {"user": 14, "birth_date": "2023-09-10", "address": 2}}, {"model": "myschool.person", "pk": 12, "fields": {"user": 15, "birth_date": "2023-09-16", "address": 11}}, {"model": "myschool.person", "pk": 13, "fields": {"user": 16, "birth_date": "2023-09-16", "address": 11}}, {"model": "myschool.person", "pk": 14, "fields": {"user": 17, "birth_date": "2023-09-16", "address": 1}}, {"model": "myschool.person", "pk": 15, "fields": {"user": 18, "birth_date": "2023-09-16", "address": 17}}, {"model": "myschool.person", "pk": 16, "fields": {"user": 19, "birth_date": "2023-09-16", "address": 5}}, {"model": "myschool.teacher", "pk": 1, "fields": {"experience": "35", "salary": "35555", "education": "studied at two institutes", "person": 5}}, {"model": "myschool.teacher", "pk": 2, "fields": {"experience": "30", "salary": "60000", "education": "red duplom", "person": 2}}, {"model": "myschool.teacher", "pk": 3, "fields": {"experience": "50", "salary": "300", "education": "skillfully knows how to lie on", "person": 4}}, {"model": "myschool.teacher", "pk": 4, "fields": {"experience": "12", "salary": "50000", "education": "ZNO 200", "person": 13}}, {"model": "myschool.teacher", "pk": 5, "fields": {"experience": "25", "salary": "10000", "education": "Mr.Olympia", "person": 14}}, {"model": "myschool.subject", "pk": 1, "fields": {"name": "Math", "description": "easy", "hours": "35", "teacher": 1}}, {"model": "myschool.subject", "pk": 2, "fields": {"name": "IT", "description": "cool", "hours": "1", "teacher": 2}}, {"model": "myschool.subject", "pk": 3, "fields": {"name": "physical training", "description": "very interesting and funny", "hours": "500", "teacher": 3}}, {"model": "myschool.grade", "pk": 1, "fields": {"grade": "8", "spec": "big", "floor": 2, "room": 7}}, {"model": "myschool.grade", "pk": 2, "fields": {"grade": "11", "spec": "very cool", "floor": 2, "room": 3}}, {"model": "myschool.grade", "pk": 3, "fields": {"grade": "3", "spec": "small", "floor": 1, "room": 1}}, {"model": "myschool.grade", "pk": 4, "fields": {"grade": "8b", "spec": "fnkdjs", "floor": 1, "room": 4}}, {"model": "myschool.puple", "pk": 1, "fields": {"person": 1, "grade": 1}}, {"model": "myschool.puple", "pk": 2, "fields": {"person": 2, "grade": 2}}, {"model": "myschool.puple", "pk": 3, "fields": {"person": 3, "grade": 3}}, {"model": "myschool.puple", "pk": 4, "fields": {"person": 4, "grade": 1}}, {"model": "myschool.puple", "pk": 5, "fields": {"person": 9, "grade": 1}}, {"model": "myschool.puple", "pk": 6, "fields": {"person": 7, "grade": 2}}, {"model": "myschool.puple", "pk": 7, "fields": {"person": 8, "grade": 3}}, {"model": "myschool.puple", "pk": 8, "fields": {"person": 6, "grade": 1}}, {"model": "myschool.puple", "pk": 9, "fields": {"person": 5, "grade": 1}}, {"model": "myschool.mark", "pk": 1, "fields": {"puple": 1, "teacher": 1, "subject": 2, "mark": 12}}, {"model": "myschool.mark", "pk": 2, "fields": {"puple": 4, "teacher": 4, "subject": 2, "mark": 2}}, {"model": "myschool.mark", "pk": 3, "fields": {"puple": 7, "teacher": 2, "subject": 3, "mark": 10}}, {"model": "myschool.mark", "pk": 4, "fields": {"puple": 3, "teacher": 1, "subject": 2, "mark": 6}}, {"model": "myschool.mark", "pk": 5, "fields": {"puple": 3, "teacher": 1, "subject": 2, "mark": 6}}, {"model": "myschool.mark", "pk": 6, "fields": {"puple": 3, "teacher": 1, "subject": 2, "mark": 6}}, {"model": "myschool.mark", "pk": 7, "fields": {"puple": 2, "teacher": 5, "subject": 1, "mark": 4}}, {"model": "myschool.mark", "pk": 8, "fields": {"puple": 2, "teacher": 5, "subject": 1, "mark": 4}}, {"model": "myschool.mark", "pk": 9, "fields": {"puple": 3, "teacher": 2, "subject": 3, "mark": 7}}, {"model": "myschool.mark", "pk": 10, "fields": {"puple": 8, "teacher": 4, "subject": 3, "mark": 1}}]